Team 1,Team 2,Winner,Margin,Ground,Date,Year,Match_id
RCB,KKR,KKR,140 runs,Bengaluru,Apr-18,2008,335982
Kings XI,Super Kings,Super Kings,33 runs,Mohali,Apr-19,2008,335983
Daredevils,Royals,Daredevils,9 wickets,Delhi,Apr-19,2008,335984
KKR,Chargers,KKR,5 wickets,Eden Gardens,Apr-20,2008,335986
Mumbai,RCB,RCB,5 wickets,Wankhede,Apr-20,2008,335985
Royals,Kings XI,Royals,6 wickets,Jaipur,Apr-21,2008,335987
Chargers,Daredevils,Daredevils,9 wickets,Hyderabad,Apr-22,2008,335988
Super Kings,Mumbai,Super Kings,6 runs,Chennai,Apr-23,2008,335989
Chargers,Royals,Royals,3 wickets,Hyderabad,Apr-24,2008,335990
Kings XI,Mumbai,Kings XI,66 runs,Mohali,Apr-25,2008,335991
Super Kings,KKR,Super Kings,9 wickets,Chennai,Apr-26,2008,335993
RCB,Royals,Royals,7 wickets,Bengaluru,Apr-26,2008,335992
Kings XI,Daredevils,Kings XI,4 wickets,Mohali,Apr-27,2008,335995
Mumbai,Chargers,Chargers,10 wickets,DY Patil,Apr-27,2008,335994
RCB,Super Kings,Super Kings,13 runs,Bengaluru,Apr-28,2008,335996
KKR,Mumbai,Mumbai,7 wickets,Eden Gardens,Apr-29,2008,335997
Daredevils,RCB,Daredevils,10 runs,Delhi,Apr-30,2008,335998
Royals,KKR,Royals,45 runs,Jaipur,May-01,2008,336000
Chargers,Kings XI,Kings XI,7 wickets,Hyderabad,May-01,2008,335999
Super Kings,Daredevils,Daredevils,8 wickets,Chennai,May-02,2008,336001
RCB,Chargers,RCB,3 runs,Bengaluru,May-03,2008,336034
Kings XI,KKR,Kings XI,9 runs,Mohali,May-03,2008,336003
Mumbai,Daredevils,Mumbai,29 runs,DY Patil,May-04,2008,336004
Royals,Super Kings,Royals,8 wickets,Jaipur,May-04,2008,336005
RCB,Kings XI,Kings XI,6 wickets,Bengaluru,May-05,2008,336006
Super Kings,Chargers,Chargers,7 wickets,Chennai,May-06,2008,336007
Mumbai,Royals,Mumbai,7 wickets,DY Patil,May-07,2008,336008
Daredevils,Super Kings,Super Kings,4 wickets,Delhi,May-08,2008,336009
KKR,RCB,KKR,5 runs,Eden Gardens,May-08,2008,336010
Royals,Chargers,Royals,8 wickets,Jaipur,May-09,2008,336011
Super Kings,Kings XI,Super Kings,18 runs,Chennai,May-10,2008,336013
Chargers,KKR,KKR,23 runs,Hyderabad,May-11,2008,336014
Royals,Daredevils,Royals,3 wickets,Jaipur,May-11,2008,336015
Kings XI,RCB,Kings XI,9 wickets,Mohali,May-12,2008,336016
KKR,Daredevils,KKR,23 runs,Eden Gardens,May-13,2008,336017
Mumbai,Super Kings,Mumbai,9 wickets,Wankhede,May-14,2008,336018
Daredevils,Chargers,Daredevils,12 runs,Delhi,May-15,2008,336020
Mumbai,KKR,Mumbai,8 wickets,Wankhede,May-16,2008,336021
Royals,RCB,Royals,65 runs,Jaipur,May-17,2008,336023
Daredevils,Kings XI,Kings XI,6 runs,Delhi,May-17,2008,336022
KKR,Super Kings,Super Kings,3 runs,Eden Gardens,May-18,2008,336025
Chargers,Mumbai,Mumbai,25 runs,Hyderabad,May-18,2008,336024
RCB,Daredevils,Daredevils,5 wickets,Bengaluru,May-19,2008,336026
KKR,Royals,Royals,6 wickets,Eden Gardens,May-20,2008,336027
Mumbai,Kings XI,Kings XI,1 run,Wankhede,May-21,2008,336028
Super Kings,RCB,RCB,14 runs,Chennai,May-21,2008,336029
Kings XI,Chargers,Kings XI,6 wickets,Mohali,May-23,2008,336031
Super Kings,Royals,Royals,10 runs,Chennai,May-24,2008,336033
Daredevils,Mumbai,Daredevils,5 wickets,Delhi,May-24,2008,336032
Chargers,RCB,RCB,5 wickets,Hyderabad,May-25,2008,336002
KKR,Kings XI,KKR,3 wickets,Eden Gardens,May-25,2008,336035
Royals,Mumbai,Royals,5 wickets,Jaipur,May-26,2008,336036
Chargers,Super Kings,Super Kings,7 wickets,Hyderabad,May-27,2008,336037
RCB,Mumbai,Mumbai,9 wickets,Bengaluru,May-28,2008,336012
Kings XI,Royals,Kings XI,41 runs,Mohali,May-28,2008,336019
Daredevils,Royals,Royals,105 runs,Wankhede,May-30,2008,336038
Super Kings,Kings XI,Super Kings,9 wickets,Wankhede,May-31,2008,336039
Super Kings,Royals,Royals,3 wickets,DY Patil,Jun-01,2008,336040
Super Kings,Mumbai,Mumbai,19 runs,Cape Town,Apr-18,2009,392181
RCB,Royals,RCB,75 runs,Cape Town,Apr-18,2009,392182
Daredevils,Kings XI,Daredevils,10 wickets,Cape Town,Apr-19,2009,392183
Chargers,KKR,Chargers,8 wickets,Cape Town,Apr-19,2009,392184
RCB,Super Kings,Super Kings,92 runs,Gqeberha,Apr-20,2009,392185
Kings XI,KKR,KKR,11 runs,Durban,Apr-21,2009,392186
RCB,Chargers,Chargers,24 runs,Cape Town,Apr-22,2009,392188
Super Kings,Daredevils,Daredevils,9 runs,Durban,Apr-23,2009,392189
KKR,Royals,tied,-,Cape Town,Apr-23,2009,392190
RCB,Kings XI,Kings XI,7 wickets,Durban,Apr-24,2009,392191
Chargers,Mumbai,Chargers,12 runs,Durban,Apr-25,2009,392192
RCB,Daredevils,Daredevils,6 wickets,Gqeberha,Apr-26,2009,392194
Kings XI,Royals,Kings XI,27 runs,Cape Town,Apr-26,2009,392195
Super Kings,Chargers,Chargers,6 wickets,Durban,Apr-27,2009,392196
KKR,Mumbai,Mumbai,92 runs,Gqeberha,Apr-27,2009,392197
Daredevils,Royals,Royals,5 wickets,Centurion,Apr-28,2009,392198
RCB,KKR,RCB,5 wickets,Durban,Apr-29,2009,392199
Kings XI,Mumbai,Kings XI,3 runs,Durban,Apr-29,2009,392200
Chargers,Daredevils,Daredevils,6 wickets,Centurion,Apr-30,2009,392201
Super Kings,Royals,Super Kings,38 runs,Centurion,Apr-30,2009,392202
KKR,Mumbai,Mumbai,9 runs,East London,May-01,2009,392203
RCB,Kings XI,RCB,8 runs,Durban,May-01,2009,392204
Chargers,Royals,Royals,3 wickets,Gqeberha,May-02,2009,392205
Super Kings,Daredevils,Super Kings,18 runs,Johannesburg,May-02,2009,392206
Kings XI,KKR,Kings XI,6 wickets,Gqeberha,May-03,2009,392207
RCB,Mumbai,RCB,9 wickets,Johannesburg,May-03,2009,392208
Super Kings,Chargers,Super Kings,78 runs,East London,May-04,2009,392209
Kings XI,Royals,Royals,78 runs,Durban,May-05,2009,392210
Daredevils,KKR,Daredevils,9 wickets,Durban,May-05,2009,392211
Chargers,Mumbai,Chargers,19 runs,Centurion,May-06,2009,392212
RCB,Royals,Royals,7 wickets,Centurion,May-07,2009,392213
Super Kings,Kings XI,Super Kings,12 runs,Centurion,May-07,2009,392214
Daredevils,Mumbai,Daredevils,7 wickets,East London,May-08,2009,392215
Chargers,Kings XI,Kings XI,3 wickets,Kimberley,May-09,2009,392216
Super Kings,Royals,Super Kings,7 wickets,Kimberley,May-09,2009,392217
RCB,Mumbai,Mumbai,16 runs,Gqeberha,May-10,2009,392218
Daredevils,KKR,Daredevils,7 wickets,Johannesburg,May-10,2009,392219
Chargers,Royals,Chargers,53 runs,Kimberley,May-11,2009,392220
RCB,KKR,RCB,6 wickets,Centurion,May-12,2009,392221
Kings XI,Mumbai,Mumbai,8 wickets,Centurion,May-12,2009,392222
Chargers,Daredevils,Daredevils,12 runs,Durban,May-13,2009,392223
RCB,Super Kings,RCB,2 wickets,Durban,May-14,2009,392224
Mumbai,Royals,Royals,2 runs,Durban,May-14,2009,392225
Daredevils,Kings XI,Kings XI,6 wickets,Bloemfontein,May-15,2009,392226
Super Kings,Mumbai,Super Kings,7 wickets,Gqeberha,May-16,2009,392227
Chargers,KKR,Chargers,6 wickets,Johannesburg,May-16,2009,392228
Chargers,Kings XI,Kings XI,1 run,Johannesburg,May-17,2009,392229
Daredevils,Royals,Daredevils,14 runs,Bloemfontein,May-17,2009,392230
Super Kings,KKR,KKR,7 wickets,Centurion,May-18,2009,392231
RCB,Daredevils,RCB,7 wickets,Johannesburg,May-19,2009,392232
KKR,Royals,KKR,4 wickets,Durban,May-20,2009,392233
Super Kings,Kings XI,Super Kings,24 runs,Durban,May-20,2009,392234
Daredevils,Mumbai,Daredevils,4 wickets,Centurion,May-21,2009,392235
RCB,Chargers,RCB,12 runs,Centurion,May-21,2009,392236
Chargers,Daredevils,Chargers,6 wickets,Centurion,May-22,2009,392237
Super Kings,RCB,RCB,6 wickets,Johannesburg,May-23,2009,392238
Chargers,RCB,Chargers,6 runs,Johannesburg,May-24,2009,392239
Chargers,KKR,KKR,11 runs,DY Patil,Mar-12,2010,419106
Mumbai,Royals,Mumbai,4 runs,Brabourne,Mar-13,2010,419107
Kings XI,Daredevils,Daredevils,5 wickets,Mohali,Mar-13,2010,419108
KKR,RCB,KKR,7 wickets,Eden Gardens,Mar-14,2010,419109
Super Kings,Chargers,Chargers,31 runs,Chennai,Mar-14,2010,419110
Royals,Daredevils,Daredevils,6 wickets,Ahmedabad,Mar-15,2010,419111
RCB,Kings XI,RCB,8 wickets,Bengaluru,Mar-16,2010,419112
KKR,Super Kings,Super Kings,55 runs,Eden Gardens,Mar-16,2010,419113
Daredevils,Mumbai,Mumbai,98 runs,Delhi,Mar-17,2010,419114
RCB,Royals,RCB,10 wickets,Bengaluru,Mar-18,2010,419115
Daredevils,Super Kings,Super Kings,5 wickets,Delhi,Mar-19,2010,419116
Chargers,Kings XI,Chargers,6 runs,Cuttack,Mar-19,2010,419117
Royals,KKR,Royals,34 runs,Ahmedabad,Mar-20,2010,419118
Mumbai,RCB,RCB,7 wickets,Brabourne,Mar-20,2010,419119
Chargers,Daredevils,Chargers,10 runs,Cuttack,Mar-21,2010,419120
Super Kings,Kings XI,tied,-,Chennai,Mar-21,2010,419121
Mumbai,KKR,Mumbai,7 wickets,Brabourne,Mar-22,2010,419122
RCB,Super Kings,RCB,36 runs,Bengaluru,Mar-23,2010,419123
Kings XI,Royals,Royals,31 runs,Mohali,Mar-24,2010,419124
RCB,Daredevils,Daredevils,17 runs,Bengaluru,Mar-25,2010,419128
Mumbai,Super Kings,Mumbai,5 wickets,Brabourne,Mar-25,2010,419125
Royals,Chargers,Royals,8 wickets,Ahmedabad,Mar-26,2010,419126
Kings XI,KKR,KKR,39 runs,Mohali,Mar-27,2010,419127
Royals,Super Kings,Royals,17 runs,Ahmedabad,Mar-28,2010,419129
Chargers,Mumbai,Mumbai,41 runs,DY Patil,Mar-28,2010,419130
Daredevils,KKR,Daredevils,40 runs,Delhi,Mar-29,2010,419131
Mumbai,Kings XI,Mumbai,4 wickets,Brabourne,Mar-30,2010,419132
Super Kings,RCB,Super Kings,5 wickets,Chennai,Mar-31,2010,419133
Daredevils,Royals,Daredevils,67 runs,Delhi,Mar-31,2010,419134
KKR,Chargers,KKR,24 runs,Eden Gardens,Apr-01,2010,419135
Kings XI,RCB,RCB,6 wickets,Mohali,Apr-02,2010,419136
Super Kings,Royals,Super Kings,23 runs,Chennai,Apr-03,2010,419137
Mumbai,Chargers,Mumbai,63 runs,Brabourne,Apr-03,2010,419138
KKR,Kings XI,Kings XI,8 wickets,Eden Gardens,Apr-04,2010,419139
Daredevils,RCB,Daredevils,37 runs,Delhi,Apr-04,2010,419140
Chargers,Royals,Royals,2 runs,Nagpur,Apr-05,2010,419141
Super Kings,Mumbai,Super Kings,24 runs,Chennai,Apr-06,2010,419142
Royals,Kings XI,Royals,9 wickets,Jaipur,Apr-07,2010,419143
KKR,Daredevils,KKR,14 runs,Eden Gardens,Apr-07,2010,419144
RCB,Chargers,Chargers,7 wickets,Bengaluru,Apr-08,2010,419145
Kings XI,Mumbai,Kings XI,6 wickets,Mohali,Apr-09,2010,419146
Chargers,Super Kings,Chargers,6 wickets,Nagpur,Apr-10,2010,419147
RCB,KKR,RCB,7 wickets,Bengaluru,Apr-10,2010,419148
Daredevils,Kings XI,Kings XI,7 wickets,Delhi,Apr-11,2010,419149
Royals,Mumbai,Mumbai,37 runs,Jaipur,Apr-11,2010,419150
Chargers,RCB,Chargers,13 runs,Nagpur,Apr-12,2010,419151
Mumbai,Daredevils,Mumbai,39 runs,Brabourne,Apr-13,2010,419152
Super Kings,KKR,Super Kings,9 wickets,Chennai,Apr-13,2010,419153
Royals,RCB,RCB,5 wickets,Jaipur,Apr-14,2010,419154
Super Kings,Daredevils,Daredevils,6 wickets,Chennai,Apr-15,2010,419155
Kings XI,Chargers,Chargers,5 wickets,Dharamsala,Apr-16,2010,419156
RCB,Mumbai,Mumbai,57 runs,Bengaluru,Apr-17,2010,419157
KKR,Royals,KKR,8 wickets,Eden Gardens,Apr-17,2010,419158
Kings XI,Super Kings,Super Kings,6 wickets,Dharamsala,Apr-18,2010,419159
Daredevils,Chargers,Chargers,11 runs,Delhi,Apr-18,2010,419160
KKR,Mumbai,KKR,9 wickets,Eden Gardens,Apr-19,2010,419161
Mumbai,RCB,Mumbai,35 runs,DY Patil,Apr-21,2010,419162
Super Kings,Chargers,Super Kings,38 runs,DY Patil,Apr-22,2010,419163
Chargers,RCB,RCB,9 wickets,DY Patil,Apr-24,2010,419164
Mumbai,Super Kings,Super Kings,22 runs,DY Patil,Apr-25,2010,419165
Super Kings,KKR,Super Kings,2 runs,Chennai,Apr-08,2011,501198
Chargers,Royals,Royals,8 wickets,Hyderabad,Apr-09,2011,501199
Kochi,RCB,RCB,6 wickets,Kochi,Apr-09,2011,501200
Daredevils,Mumbai,Mumbai,8 wickets,Delhi,Apr-10,2011,501201
Warriors,Kings XI,Warriors,7 wickets,DY Patil,Apr-10,2011,501202
KKR,Chargers,KKR,9 runs,Eden Gardens,Apr-11,2011,501203
Royals,Daredevils,Royals,6 wickets,Jaipur,Apr-12,2011,501204
RCB,Mumbai,Mumbai,9 wickets,Bengaluru,Apr-12,2011,501205
Kings XI,Super Kings,Kings XI,6 wickets,Mohali,Apr-13,2011,501206
Warriors,Kochi,Warriors,4 wickets,DY Patil,Apr-13,2011,501207
Chargers,RCB,Chargers,33 runs,Hyderabad,Apr-14,2011,501208
Royals,KKR,KKR,9 wickets,Jaipur,Apr-15,2011,501209
Mumbai,Kochi,Kochi,8 wickets,Wankhede,Apr-15,2011,501210
Super Kings,RCB,Super Kings,21 runs,Chennai,Apr-16,2011,501211
Chargers,Kings XI,Kings XI,8 wickets,Hyderabad,Apr-16,2011,501212
Warriors,Daredevils,Daredevils,3 wickets,DY Patil,Apr-17,2011,501213
KKR,Royals,KKR,8 wickets,Eden Gardens,Apr-17,2011,501214
Kochi,Super Kings,Kochi,7 wickets,Kochi,Apr-18,2011,501215
Daredevils,Chargers,Chargers,16 runs,Delhi,Apr-19,2011,501216
Mumbai,Warriors,Mumbai,7 wickets,Wankhede,Apr-20,2011,501218
KKR,Kochi,Kochi,6 runs,Eden Gardens,Apr-20,2011,501219
Kings XI,Royals,Kings XI,48 runs,Mohali,Apr-21,2011,501220
KKR,RCB,RCB,9 wickets,Eden Gardens,Apr-22,2011,501222
Mumbai,Super Kings,Mumbai,8 runs,Wankhede,Apr-22,2011,501221
Daredevils,Kings XI,Daredevils,29 runs,Delhi,Apr-23,2011,501223
Chargers,Mumbai,Mumbai,37 runs,Hyderabad,Apr-24,2011,501224
Royals,Kochi,Royals,8 wickets,Jaipur,Apr-24,2011,501225
Super Kings,Warriors,Super Kings,25 runs,Chennai,Apr-25,2011,501226
Daredevils,RCB,RCB,3 wickets,Delhi,Apr-26,2011,501227
Warriors,Super Kings,Super Kings,8 wickets,DY Patil,Apr-27,2011,501228
Kochi,Chargers,Chargers,55 runs,Kochi,Apr-27,2011,501229
Daredevils,KKR,KKR,17 runs,Delhi,Apr-28,2011,501230
Royals,Mumbai,Royals,7 wickets,Jaipur,Apr-29,2011,501231
RCB,Warriors,RCB,26 runs,Bengaluru,Apr-29,2011,501232
Kochi,Daredevils,Daredevils,38 runs,Kochi,Apr-30,2011,501233
KKR,Kings XI,KKR,8 wickets,Eden Gardens,Apr-30,2011,501234
Royals,Warriors,Royals,6 wickets,Jaipur,May-01,2011,501235
Super Kings,Chargers,Super Kings,19 runs,Chennai,May-01,2011,501236
Mumbai,Kings XI,Mumbai,23 runs,Wankhede,May-02,2011,501237
Daredevils,Kochi,Kochi,7 wickets,Delhi,May-02,2011,501238
Chargers,KKR,KKR,20 runs,Hyderabad,May-03,2011,501239
Super Kings,Royals,Super Kings,8 wickets,Chennai,May-04,2011,501240
Warriors,Mumbai,Mumbai,21 runs,DY Patil,May-04,2011,501241
Kochi,KKR,Kochi,17 runs,Kochi,May-05,2011,501242
Chargers,Daredevils,Daredevils,4 wickets,Hyderabad,May-05,2011,501243
RCB,Kings XI,RCB,85 runs,Bengaluru,May-06,2011,501244
KKR,Super Kings,KKR,10 runs,Eden Gardens,May-07,2011,501245
Mumbai,Daredevils,Mumbai,32 runs,Wankhede,May-07,2011,501246
RCB,Kochi,RCB,9 wickets,Bengaluru,May-08,2011,501247
Kings XI,Warriors,Warriors,5 wickets,Mohali,May-08,2011,501248
Royals,Super Kings,Super Kings,63 runs,Jaipur,May-09,2011,501249
Chargers,Warriors,Warriors,6 wickets,Hyderabad,May-10,2011,501250
Kings XI,Mumbai,Kings XI,76 runs,Mohali,May-10,2011,501251
Royals,RCB,RCB,9 wickets,Jaipur,May-11,2011,501252
Super Kings,Daredevils,Super Kings,18 runs,Chennai,May-12,2011,501253
Kochi,Kings XI,Kings XI,6 wickets,Indore,May-13,2011,501254
RCB,KKR,RCB,4 wickets,Bengaluru,May-14,2011,501255
Mumbai,Chargers,Chargers,10 runs,Wankhede,May-14,2011,501256
Kings XI,Daredevils,Kings XI,29 runs,Dharamsala,May-15,2011,501257
Kochi,Royals,Kochi,8 wickets,Indore,May-15,2011,501258
Warriors,Chargers,Chargers,6 wickets,DY Patil,May-16,2011,501259
Kings XI,RCB,Kings XI,111 runs,Dharamsala,May-17,2011,501260
Super Kings,Kochi,Super Kings,11 runs,Chennai,May-18,2011,501261
Warriors,KKR,KKR,7 wickets,DY Patil,May-19,2011,501262
Mumbai,Royals,Royals,10 wickets,Wankhede,May-20,2011,501263
Kings XI,Chargers,Chargers,82 runs,Dharamsala,May-21,2011,501264
Daredevils,Warriors,no result,-,Delhi,May-21,2011,501265
RCB,Super Kings,RCB,8 wickets,Bengaluru,May-22,2011,501266
KKR,Mumbai,Mumbai,5 wickets,Eden Gardens,May-22,2011,501267
Super Kings,RCB,Super Kings,6 wickets,Wankhede,May-24,2011,501268
Mumbai,KKR,Mumbai,4 wickets,Wankhede,May-25,2011,501269
Mumbai,RCB,RCB,43 runs,Chennai,May-27,2011,501270
Super Kings,RCB,Super Kings,58 runs,Chennai,May-28,2011,501271
Super Kings,Mumbai,Mumbai,8 wickets,Chennai,Apr-04,2012,548306
KKR,Daredevils,Daredevils,8 wickets,Eden Gardens,Apr-05,2012,548307
Mumbai,Warriors,Warriors,28 runs,Wankhede,Apr-06,2012,548308
Royals,Kings XI,Royals,31 runs,Jaipur,Apr-06,2012,548309
RCB,Daredevils,RCB,20 runs,Bengaluru,Apr-07,2012,548310
Chargers,Super Kings,Super Kings,74 runs,Visakhapatnam,Apr-07,2012,548311
Royals,KKR,Royals,22 runs,Jaipur,Apr-08,2012,548312
Warriors,Kings XI,Warriors,22 runs,Pune,Apr-08,2012,548313
Chargers,Mumbai,Mumbai,5 wickets,Visakhapatnam,Apr-09,2012,548314
RCB,KKR,KKR,42 runs,Bengaluru,Apr-10,2012,548315
Daredevils,Super Kings,Daredevils,8 wickets,Delhi,Apr-10,2012,548316
Mumbai,Royals,Mumbai,27 runs,Wankhede,Apr-11,2012,548317
Super Kings,RCB,Super Kings,5 wickets,Chennai,Apr-12,2012,548318
Kings XI,Warriors,Kings XI,7 wickets,Mohali,Apr-12,2012,548319
KKR,Royals,KKR,5 wickets,Eden Gardens,Apr-13,2012,548320
Warriors,Super Kings,Warriors,7 wickets,Pune,Apr-14,2012,548322
KKR,Kings XI,Kings XI,2 runs,Eden Gardens,Apr-15,2012,548323
RCB,Royals,Royals,59 runs,Bengaluru,Apr-15,2012,548324
Mumbai,Daredevils,Daredevils,7 wickets,Wankhede,Apr-16,2012,548325
Royals,Chargers,Royals,5 wickets,Jaipur,Apr-17,2012,548326
RCB,Warriors,RCB,6 wickets,Bengaluru,Apr-17,2012,548327
Kings XI,KKR,KKR,8 wickets,Mohali,Apr-18,2012,548328
Daredevils,Chargers,Daredevils,5 wickets,Delhi,Apr-19,2012,548321
Super Kings,Warriors,Super Kings,13 runs,Chennai,Apr-19,2012,548330
Kings XI,RCB,RCB,5 wickets,Mohali,Apr-20,2012,548331
Super Kings,Royals,Super Kings,7 wickets,Chennai,Apr-21,2012,548332
Daredevils,Warriors,Warriors,20 runs,Delhi,Apr-21,2012,548333
Mumbai,Kings XI,Kings XI,6 wickets,Wankhede,Apr-22,2012,548334
Chargers,KKR,KKR,5 wickets,Cuttack,Apr-22,2012,548335
Royals,RCB,RCB,46 runs,Jaipur,Apr-23,2012,548336
Warriors,Daredevils,Daredevils,8 wickets,Pune,Apr-24,2012,548337
Kings XI,Mumbai,Mumbai,4 wickets,Mohali,Apr-25,2012,548339
RCB,Super Kings,no result,-,Bengaluru,Apr-25,2012,548340
Warriors,Chargers,Chargers,18 runs,Pune,Apr-26,2012,548341
Daredevils,Mumbai,Daredevils,37 runs,Delhi,Apr-27,2012,548342
Super Kings,Kings XI,Kings XI,7 runs,Chennai,Apr-28,2012,548343
KKR,RCB,KKR,47 runs,Eden Gardens,Apr-28,2012,548344
Daredevils,Royals,Daredevils,1 run,Delhi,Apr-29,2012,548345
Mumbai,Chargers,Mumbai,5 wickets,Wankhede,Apr-29,2012,548346
Super Kings,KKR,KKR,5 wickets,Chennai,Apr-30,2012,548347
Chargers,Warriors,Chargers,13 runs,Cuttack,May-01,2012,548348
Royals,Daredevils,Daredevils,6 wickets,Jaipur,May-01,2012,548349
RCB,Kings XI,Kings XI,4 wickets,Bengaluru,May-02,2012,548350
Warriors,Mumbai,Mumbai,1 run,Pune,May-03,2012,548351
Super Kings,Chargers,Super Kings,10 runs,Chennai,May-04,2012,548352
KKR,Warriors,KKR,7 runs,Eden Gardens,May-05,2012,548353
Kings XI,Royals,Royals,43 runs,Mohali,May-05,2012,548354
Mumbai,Super Kings,Mumbai,2 wickets,Wankhede,May-06,2012,548355
RCB,Chargers,RCB,5 wickets,Bengaluru,May-06,2012,548356
Daredevils,KKR,KKR,6 wickets,Delhi,May-07,2012,548357
Warriors,Royals,Royals,7 wickets,Pune,May-08,2012,548358
Chargers,Kings XI,Kings XI,25 runs,Hyderabad,May-08,2012,548359
Mumbai,RCB,RCB,9 wickets,Wankhede,May-09,2012,548360
Chargers,Daredevils,Daredevils,9 wickets,Hyderabad,May-10,2012,548329
Royals,Super Kings,Super Kings,4 wickets,Jaipur,May-10,2012,548361
Warriors,RCB,RCB,35 runs,Pune,May-11,2012,548362
KKR,Mumbai,Mumbai,27 runs,Eden Gardens,May-12,2012,548363
Super Kings,Daredevils,Super Kings,9 wickets,Chennai,May-12,2012,548364
Royals,Warriors,Royals,45 runs,Jaipur,May-13,2012,548365
Kings XI,Chargers,Kings XI,4 wickets,Mohali,May-13,2012,548366
RCB,Mumbai,Mumbai,5 wickets,Bengaluru,May-14,2012,548367
KKR,Super Kings,Super Kings,5 wickets,Eden Gardens,May-14,2012,548368
Daredevils,Kings XI,Daredevils,5 wickets,Delhi,May-15,2012,548369
Mumbai,KKR,KKR,32 runs,Wankhede,May-16,2012,548370
Kings XI,Super Kings,Kings XI,6 wickets,Dharamsala,May-17,2012,548371
Daredevils,RCB,RCB,21 runs,Delhi,May-17,2012,548372
Chargers,Royals,Chargers,5 wickets,Hyderabad,May-18,2012,548373
Kings XI,Daredevils,Daredevils,6 wickets,Dharamsala,May-19,2012,548374
Warriors,KKR,KKR,34 runs,Pune,May-19,2012,548375
Chargers,RCB,Chargers,9 runs,Hyderabad,May-20,2012,548376
Royals,Mumbai,Mumbai,10 wickets,Jaipur,May-20,2012,548377
Daredevils,KKR,KKR,18 runs,Pune,May-22,2012,548378
Super Kings,Mumbai,Super Kings,38 runs,Bengaluru,May-23,2012,548379
Super Kings,Daredevils,Super Kings,86 runs,Chennai,May-25,2012,548380
Super Kings,KKR,KKR,5 wickets,Chennai,May-27,2012,548381
KKR,Daredevils,KKR,6 wickets,Eden Gardens,Apr-03,2013,597998
RCB,Mumbai,RCB,2 runs,Bengaluru,Apr-04,2013,597999
Sunrisers,Warriors,Sunrisers,22 runs,Hyderabad,Apr-05,2013,598000
Daredevils,Royals,Royals,5 runs,Delhi,Apr-06,2013,598001
Super Kings,Mumbai,Mumbai,9 runs,Chennai,Apr-06,2013,598002
Warriors,Kings XI,Kings XI,8 wickets,Pune,Apr-07,2013,598003
Sunrisers,RCB,tied,-,Hyderabad,Apr-07,2013,598004
Royals,KKR,Royals,19 runs,Jaipur,Apr-08,2013,598005
RCB,Sunrisers,RCB,7 wickets,Bengaluru,Apr-09,2013,598048
Mumbai,Daredevils,Mumbai,44 runs,Wankhede,Apr-09,2013,598006
Kings XI,Super Kings,Super Kings,10 wickets,Mohali,Apr-10,2013,598007
RCB,KKR,RCB,8 wickets,Bengaluru,Apr-11,2013,598008
Warriors,Royals,Warriors,7 wickets,Pune,Apr-11,2013,598009
Daredevils,Sunrisers,Sunrisers,3 wickets,Delhi,Apr-12,2013,598010
Mumbai,Warriors,Mumbai,41 runs,Wankhede,Apr-13,2013,598011
Super Kings,RCB,Super Kings,4 wickets,Chennai,Apr-13,2013,598012
KKR,Sunrisers,KKR,48 runs,Eden Gardens,Apr-14,2013,598013
Royals,Kings XI,Royals,6 wickets,Jaipur,Apr-14,2013,598014
Super Kings,Warriors,Warriors,24 runs,Chennai,Apr-15,2013,598015
Kings XI,KKR,Kings XI,4 runs,Mohali,Apr-16,2013,598016
RCB,Daredevils,tied,-,Bengaluru,Apr-16,2013,598017
Warriors,Sunrisers,Sunrisers,11 runs,Pune,Apr-17,2013,598018
Royals,Mumbai,Royals,87 runs,Jaipur,Apr-17,2013,598019
Daredevils,Super Kings,Super Kings,86 runs,Delhi,Apr-18,2013,598020
Sunrisers,Kings XI,Sunrisers,5 wickets,Hyderabad,Apr-19,2013,598021
KKR,Super Kings,Super Kings,4 wickets,Eden Gardens,Apr-20,2013,598022
RCB,Royals,RCB,7 wickets,Bengaluru,Apr-20,2013,598023
Daredevils,Mumbai,Daredevils,9 wickets,Delhi,Apr-21,2013,598024
Kings XI,Warriors,Kings XI,7 wickets,Mohali,Apr-21,2013,598025
Super Kings,Royals,Super Kings,5 wickets,Chennai,Apr-22,2013,598026
RCB,Warriors,RCB,130 runs,Bengaluru,Apr-23,2013,598027
Daredevils,Kings XI,Kings XI,5 wickets,Delhi,Apr-23,2013,598059
KKR,Mumbai,Mumbai,5 wickets,Eden Gardens,Apr-24,2013,598029
Super Kings,Sunrisers,Super Kings,5 wickets,Chennai,Apr-25,2013,598030
KKR,Kings XI,KKR,6 wickets,Eden Gardens,Apr-26,2013,598031
Royals,Sunrisers,Royals,8 wickets,Jaipur,Apr-27,2013,598032
Mumbai,RCB,Mumbai,58 runs,Wankhede,Apr-27,2013,598033
Super Kings,KKR,Super Kings,14 runs,Chennai,Apr-28,2013,598034
Daredevils,Warriors,Daredevils,15 runs,Raipur,Apr-28,2013,598035
Royals,RCB,Royals,4 wickets,Jaipur,Apr-29,2013,598036
Mumbai,Kings XI,Mumbai,4 runs,Wankhede,Apr-29,2013,598037
Warriors,Super Kings,Super Kings,37 runs,Pune,Apr-30,2013,598038
Sunrisers,Mumbai,Sunrisers,7 wickets,Hyderabad,May-01,2013,598039
Daredevils,KKR,Daredevils,7 wickets,Raipur,May-01,2013,598040
Super Kings,Kings XI,Super Kings,15 runs,Chennai,May-02,2013,598041
Warriors,RCB,RCB,17 runs,Pune,May-02,2013,598042
KKR,Royals,KKR,8 wickets,Eden Gardens,May-03,2013,598043
Sunrisers,Daredevils,Sunrisers,6 wickets,Hyderabad,May-04,2013,598044
Mumbai,Super Kings,Mumbai,60 runs,Wankhede,May-05,2013,598046
Royals,Warriors,Royals,5 wickets,Jaipur,May-05,2013,598047
Kings XI,RCB,Kings XI,6 wickets,Mohali,May-06,2013,598064
Royals,Daredevils,Royals,9 wickets,Jaipur,May-07,2013,598049
Mumbai,KKR,Mumbai,65 runs,Wankhede,May-07,2013,598050
Sunrisers,Super Kings,Super Kings,77 runs,Hyderabad,May-08,2013,598051
Kings XI,Royals,Royals,8 wickets,Mohali,May-09,2013,598052
Warriors,KKR,KKR,46 runs,Pune,May-09,2013,598053
Daredevils,RCB,RCB,4 runs,Delhi,May-10,2013,598054
Warriors,Mumbai,Mumbai,5 wickets,Pune,May-11,2013,598055
Kings XI,Sunrisers,Sunrisers,30 runs,Mohali,May-11,2013,598056
KKR,RCB,KKR,5 wickets,Ranchi,May-12,2013,598057
Royals,Super Kings,Royals,5 wickets,Jaipur,May-12,2013,598058
Mumbai,Sunrisers,Mumbai,7 wickets,Wankhede,May-13,2013,598060
RCB,Kings XI,Kings XI,7 wickets,Bengaluru,May-14,2013,598045
Super Kings,Daredevils,Super Kings,33 runs,Chennai,May-14,2013,598062
KKR,Warriors,Warriors,7 runs,Ranchi,May-15,2013,598061
Mumbai,Royals,Mumbai,14 runs,Wankhede,May-15,2013,598063
Kings XI,Daredevils,Kings XI,7 runs,Dharamsala,May-16,2013,598028
Sunrisers,Royals,Sunrisers,23 runs,Hyderabad,May-17,2013,598065
Kings XI,Mumbai,Kings XI,50 runs,Dharamsala,May-18,2013,598066
RCB,Super Kings,RCB,24 runs,Bengaluru,May-18,2013,598068
Warriors,Daredevils,Warriors,38 runs,Pune,May-19,2013,598067
Sunrisers,KKR,Sunrisers,5 wickets,Hyderabad,May-19,2013,598069
Super Kings,Mumbai,Super Kings,48 runs,Delhi,May-21,2013,598070
Royals,Sunrisers,Royals,4 wickets,Delhi,May-22,2013,598071
Mumbai,Royals,Mumbai,4 wickets,Eden Gardens,May-24,2013,598072
Super Kings,Mumbai,Mumbai,23 runs,Eden Gardens,May-26,2013,598073
Mumbai,KKR,KKR,41 runs,Abu Dhabi,Apr-16,2014,729279
Daredevils,RCB,RCB,8 wickets,Sharjah,Apr-17,2014,729281
Super Kings,Kings XI,Kings XI,6 wickets,Abu Dhabi,Apr-18,2014,729283
Sunrisers,Royals,Royals,4 wickets,Abu Dhabi,Apr-18,2014,729285
RCB,Mumbai,RCB,7 wickets,Dubai (DSC),Apr-19,2014,729287
KKR,Daredevils,Daredevils,4 wickets,Dubai (DSC),Apr-19,2014,729289
Royals,Kings XI,Kings XI,7 wickets,Sharjah,Apr-20,2014,729291
Super Kings,Daredevils,Super Kings,93 runs,Abu Dhabi,Apr-21,2014,729293
Kings XI,Sunrisers,Kings XI,72 runs,Sharjah,Apr-22,2014,729295
Royals,Super Kings,Super Kings,7 runs,Dubai (DSC),Apr-23,2014,729297
RCB,KKR,KKR,2 runs,Sharjah,Apr-24,2014,729299
Sunrisers,Daredevils,Sunrisers,4 runs,Dubai (DSC),Apr-25,2014,729301
Super Kings,Mumbai,Super Kings,7 wickets,Dubai (DSC),Apr-25,2014,729303
Royals,RCB,Royals,6 wickets,Abu Dhabi,Apr-26,2014,729305
KKR,Kings XI,Kings XI,23 runs,Abu Dhabi,Apr-26,2014,729307
Daredevils,Mumbai,Daredevils,6 wickets,Sharjah,Apr-27,2014,729309
Sunrisers,Super Kings,Super Kings,5 wickets,Sharjah,Apr-27,2014,729311
Kings XI,RCB,Kings XI,5 wickets,Dubai (DSC),Apr-28,2014,729313
KKR,Royals,tied,-,Abu Dhabi,Apr-29,2014,729315
Mumbai,Sunrisers,Sunrisers,15 runs,Dubai (DSC),Apr-30,2014,729317
Super Kings,KKR,Super Kings,34 runs,Ranchi,May-02,2014,733971
Mumbai,Kings XI,Mumbai,5 wickets,Wankhede,May-03,2014,733973
Daredevils,Royals,Royals,7 wickets,Delhi,May-03,2014,733975
RCB,Sunrisers,RCB,4 wickets,Bengaluru,May-04,2014,733977
Royals,KKR,Royals,10 runs,Ahmedabad,May-05,2014,733979
Daredevils,Super Kings,Super Kings,8 wickets,Delhi,May-05,2014,733981
Mumbai,RCB,Mumbai,19 runs,Wankhede,May-06,2014,733983
Daredevils,KKR,KKR,8 wickets,Delhi,May-07,2014,733985
Kings XI,Super Kings,Kings XI,44 runs,Cuttack,May-07,2014,733987
Royals,Sunrisers,Sunrisers,32 runs,Ahmedabad,May-08,2014,733989
RCB,Kings XI,Kings XI,32 runs,Bengaluru,May-09,2014,733991
Daredevils,Sunrisers,Sunrisers,8 wickets,Delhi,May-10,2014,733993
Mumbai,Super Kings,Super Kings,4 wickets,Wankhede,May-10,2014,733995
Kings XI,KKR,KKR,9 wickets,Cuttack,May-11,2014,733997
RCB,Royals,Royals,5 wickets,Bengaluru,May-11,2014,733999
Sunrisers,Mumbai,Mumbai,7 wickets,Hyderabad,May-12,2014,734001
Super Kings,Royals,Super Kings,5 wickets,Ranchi,May-13,2014,734003
RCB,Daredevils,RCB,16 runs,Bengaluru,May-13,2014,734005
Sunrisers,Kings XI,Kings XI,6 wickets,Hyderabad,May-14,2014,734007
KKR,Mumbai,KKR,6 wickets,Cuttack,May-14,2014,734009
Royals,Daredevils,Royals,62 runs,Ahmedabad,May-15,2014,734011
Super Kings,RCB,RCB,5 wickets,Ranchi,May-18,2014,734013
Sunrisers,KKR,KKR,7 wickets,Hyderabad,May-18,2014,734015
Royals,Mumbai,Mumbai,25 runs,Ahmedabad,May-19,2014,734017
Daredevils,Kings XI,Kings XI,4 wickets,Delhi,May-19,2014,734019
Sunrisers,RCB,Sunrisers,7 wickets,Hyderabad,May-20,2014,734021
KKR,Super Kings,KKR,8 wickets,Eden Gardens,May-20,2014,734023
Kings XI,Mumbai,Mumbai,7 wickets,Mohali,May-21,2014,734025
KKR,RCB,KKR,30 runs,Eden Gardens,May-22,2014,734027
Super Kings,Sunrisers,Sunrisers,6 wickets,Ranchi,May-22,2014,734029
Mumbai,Daredevils,Mumbai,15 runs,Wankhede,May-23,2014,734031
Kings XI,Royals,Kings XI,16 runs,Mohali,May-23,2014,734033
RCB,Super Kings,Super Kings,8 wickets,Bengaluru,May-24,2014,734035
KKR,Sunrisers,KKR,4 wickets,Eden Gardens,May-24,2014,734037
Kings XI,Daredevils,Kings XI,7 wickets,Mohali,May-25,2014,734039
Mumbai,Royals,Mumbai,5 wickets,Wankhede,May-25,2014,734041
KKR,Kings XI,KKR,28 runs,Eden Gardens,May 27-28,2014,734043
Mumbai,Super Kings,Super Kings,7 wickets,Brabourne,May-28,2014,734045
Super Kings,Kings XI,Kings XI,24 runs,Wankhede,May-30,2014,734047
Kings XI,KKR,KKR,3 wickets,Bengaluru,Jun-01,2014,734049
KKR,Mumbai,KKR,7 wickets,Eden Gardens,Apr-08,2015,829705
Super Kings,Daredevils,Super Kings,1 run,Chennai,Apr-09,2015,829707
Kings XI,Royals,Royals,26 runs,Pune,Apr-10,2015,829709
Super Kings,Sunrisers,Super Kings,45 runs,Chennai,Apr-11,2015,829711
KKR,RCB,RCB,3 wickets,Eden Gardens,Apr-11,2015,829713
Daredevils,Royals,Royals,3 wickets,Delhi,Apr-12,2015,829715
Mumbai,Kings XI,Kings XI,18 runs,Wankhede,Apr-12,2015,829717
RCB,Sunrisers,Sunrisers,8 wickets,Bengaluru,Apr-13,2015,829719
Royals,Mumbai,Royals,7 wickets,Ahmedabad,Apr-14,2015,829721
Kings XI,Daredevils,Daredevils,5 wickets,Pune,Apr-15,2015,829725
Sunrisers,Royals,Royals,6 wickets,Visakhapatnam,Apr-16,2015,829727
Mumbai,Super Kings,Super Kings,6 wickets,Wankhede,Apr-17,2015,829729
Sunrisers,Daredevils,Daredevils,4 runs,Visakhapatnam,Apr-18,2015,829731
Kings XI,KKR,KKR,4 wickets,Pune,Apr-18,2015,829733
Royals,Super Kings,Royals,8 wickets,Ahmedabad,Apr-19,2015,829735
RCB,Mumbai,Mumbai,18 runs,Bengaluru,Apr-19,2015,829737
Daredevils,KKR,KKR,6 wickets,Delhi,Apr-20,2015,829739
Royals,Kings XI,tied,-,Ahmedabad,Apr-21,2015,829741
Sunrisers,KKR,Sunrisers,16 runs,Visakhapatnam,Apr-22,2015,829743
RCB,Super Kings,Super Kings,27 runs,Bengaluru,Apr-22,2015,829745
Daredevils,Mumbai,Daredevils,37 runs,Delhi,Apr-23,2015,829747
Royals,RCB,RCB,9 wickets,Ahmedabad,Apr-24,2015,829749
Mumbai,Sunrisers,Mumbai,20 runs,Wankhede,Apr-25,2015,829751
Super Kings,Kings XI,Super Kings,97 runs,Chennai,Apr-25,2015,829753
Daredevils,RCB,RCB,10 wickets,Delhi,Apr-26,2015,829757
Kings XI,Sunrisers,Sunrisers,20 runs,Mohali,Apr-27,2015,829759
Super Kings,KKR,Super Kings,2 runs,Chennai,Apr-28,2015,829765
RCB,Royals,no result,-,Bengaluru,Apr-29,2015,829763
KKR,Super Kings,KKR,7 wickets,Eden Gardens,Apr-30,2015,829723
Daredevils,Kings XI,Daredevils,9 wickets,Delhi,May-01,2015,829767
Mumbai,Royals,Mumbai,8 runs,Wankhede,May-01,2015,829769
RCB,KKR,RCB,7 wickets,Bengaluru,May-02,2015,829771
Sunrisers,Super Kings,Sunrisers,22 runs,Hyderabad,May-02,2015,829773
Kings XI,Mumbai,Mumbai,23 runs,Mohali,May-03,2015,829775
Royals,Daredevils,Royals,14 runs,Brabourne,May-03,2015,829777
Super Kings,RCB,Super Kings,24 runs,Chennai,May-04,2015,829779
KKR,Sunrisers,KKR,35 runs,Eden Gardens,May-04,2015,829781
Mumbai,Daredevils,Mumbai,5 wickets,Wankhede,May-05,2015,829783
RCB,Kings XI,RCB,138 runs,Bengaluru,May-06,2015,829785
Royals,Sunrisers,Sunrisers,7 runs,Brabourne,May-07,2015,829787
KKR,Daredevils,KKR,13 runs,Eden Gardens,May-07,2015,829761
Super Kings,Mumbai,Mumbai,6 wickets,Chennai,May-08,2015,829789
KKR,Kings XI,KKR,1 wicket,Eden Gardens,May-09,2015,829791
Daredevils,Sunrisers,Sunrisers,6 runs,Raipur,May-09,2015,829793
Mumbai,RCB,RCB,39 runs,Wankhede,May-10,2015,829795
Super Kings,Royals,Super Kings,12 runs,Chennai,May-10,2015,829797
Sunrisers,Kings XI,Sunrisers,5 runs,Hyderabad,May-11,2015,829799
Daredevils,Super Kings,Daredevils,6 wickets,Raipur,May-12,2015,829801
Kings XI,RCB,Kings XI,22 runs,Mohali,May-13,2015,829803
Mumbai,KKR,Mumbai,5 runs,Wankhede,May-14,2015,829805
Sunrisers,RCB,RCB,6 wickets,Hyderabad,May-15,2015,829807
Kings XI,Super Kings,Super Kings,7 wickets,Mohali,May-16,2015,829809
Royals,KKR,Royals,9 runs,Brabourne,May-16,2015,829811
RCB,Daredevils,no result,-,Bengaluru,May-17,2015,829813
Sunrisers,Mumbai,Mumbai,9 wickets,Hyderabad,May-17,2015,829815
Super Kings,Mumbai,Mumbai,25 runs,Wankhede,May-19,2015,829817
Royals,RCB,RCB,71 runs,Pune,May-20,2015,829819
Super Kings,RCB,Super Kings,3 wickets,Ranchi,May-22,2015,829821
Super Kings,Mumbai,Mumbai,41 runs,Eden Gardens,May-24,2015,829823
Mumbai,Supergiants,Supergiants,9 wickets,Wankhede,Apr-09,2016,980901
KKR,Daredevils,KKR,9 wickets,Eden Gardens,Apr-10,2016,980903
Kings XI,Guj Lions,Guj Lions,5 wickets,Mohali,Apr-11,2016,980905
RCB,Sunrisers,RCB,45 runs,Bengaluru,Apr-12,2016,980907
KKR,Mumbai,Mumbai,6 wickets,Eden Gardens,Apr-13,2016,980909
Guj Lions,Supergiants,Guj Lions,7 wickets,Rajkot,Apr-14,2016,980911
Daredevils,Kings XI,Daredevils,8 wickets,Delhi,Apr-15,2016,980913
Sunrisers,KKR,KKR,8 wickets,Hyderabad,Apr-16,2016,980915
Mumbai,Guj Lions,Guj Lions,3 wickets,Wankhede,Apr-16,2016,980917
Kings XI,Supergiants,Kings XI,6 wickets,Mohali,Apr-17,2016,980919
RCB,Daredevils,Daredevils,7 wickets,Bengaluru,Apr-17,2016,980921
Sunrisers,Mumbai,Sunrisers,7 wickets,Hyderabad,Apr-18,2016,980923
Kings XI,KKR,KKR,6 wickets,Mohali,Apr-19,2016,980925
Mumbai,RCB,Mumbai,6 wickets,Wankhede,Apr-20,2016,980927
Guj Lions,Sunrisers,Sunrisers,10 wickets,Rajkot,Apr-21,2016,980929
Supergiants,RCB,RCB,13 runs,Pune,Apr-22,2016,980931
Daredevils,Mumbai,Daredevils,10 runs,Delhi,Apr-23,2016,980933
Sunrisers,Kings XI,Sunrisers,5 wickets,Hyderabad,Apr-23,2016,980935
Guj Lions,RCB,Guj Lions,6 wickets,Rajkot,Apr-24,2016,980937
Supergiants,KKR,KKR,2 wickets,Pune,Apr-24,2016,980939
Kings XI,Mumbai,Mumbai,25 runs,Mohali,Apr-25,2016,980941
Sunrisers,Supergiants,Supergiants,34 runs,Hyderabad,Apr-26,2016,980943
Daredevils,Guj Lions,Guj Lions,1 run,Delhi,Apr-27,2016,980945
Mumbai,KKR,Mumbai,6 wickets,Wankhede,Apr-28,2016,980947
Supergiants,Guj Lions,Guj Lions,3 wickets,Pune,Apr-29,2016,980949
Daredevils,KKR,Daredevils,27 runs,Delhi,Apr-30,2016,980951
Sunrisers,RCB,Sunrisers,15 runs,Hyderabad,Apr-30,2016,980953
Guj Lions,Kings XI,Kings XI,23 runs,Rajkot,May-01,2016,980955
Supergiants,Mumbai,Mumbai,8 wickets,Pune,May-01,2016,980957
RCB,KKR,KKR,5 wickets,Bengaluru,May-02,2016,980959
Guj Lions,Daredevils,Daredevils,8 wickets,Rajkot,May-03,2016,980961
KKR,Kings XI,KKR,7 runs,Eden Gardens,May-04,2016,980963
Daredevils,Supergiants,Supergiants,7 wickets,Delhi,May-05,2016,980965
Sunrisers,Guj Lions,Sunrisers,5 wickets,Hyderabad,May-06,2016,980967
RCB,Supergiants,RCB,7 wickets,Bengaluru,May-07,2016,980969
Kings XI,Daredevils,Kings XI,9 runs,Mohali,May-07,2016,980971
Mumbai,Sunrisers,Sunrisers,85 runs,Visakhapatnam,May-08,2016,980973
KKR,Guj Lions,Guj Lions,5 wickets,Eden Gardens,May-08,2016,980975
Kings XI,RCB,RCB,1 run,Mohali,May-09,2016,980977
Supergiants,Sunrisers,Sunrisers,4 runs,Visakhapatnam,May-10,2016,980979
RCB,Mumbai,Mumbai,6 wickets,Bengaluru,May-11,2016,980981
Sunrisers,Daredevils,Daredevils,7 wickets,Hyderabad,May-12,2016,980983
Mumbai,Kings XI,Kings XI,7 wickets,Visakhapatnam,May-13,2016,980985
RCB,Guj Lions,RCB,144 runs,Bengaluru,May-14,2016,980987
KKR,Supergiants,KKR,8 wickets,Eden Gardens,May-14,2016,980989
Kings XI,Sunrisers,Sunrisers,7 wickets,Mohali,May-15,2016,980991
Mumbai,Daredevils,Mumbai,80 runs,Visakhapatnam,May-15,2016,980993
KKR,RCB,RCB,9 wickets,Eden Gardens,May-16,2016,980995
Supergiants,Daredevils,Supergiants,19 runs,Visakhapatnam,May-17,2016,980997
RCB,Kings XI,RCB,82 runs,Bengaluru,May-18,2016,980999
Guj Lions,KKR,Guj Lions,6 wickets,Kanpur,May-19,2016,981001
Daredevils,Sunrisers,Daredevils,6 wickets,Raipur,May-20,2016,981003
Supergiants,Kings XI,Supergiants,4 wickets,Visakhapatnam,May-21,2016,981005
Guj Lions,Mumbai,Guj Lions,6 wickets,Kanpur,May-21,2016,981007
KKR,Sunrisers,KKR,22 runs,Eden Gardens,May-22,2016,981009
Daredevils,RCB,RCB,6 wickets,Raipur,May-22,2016,981011
RCB,Guj Lions,RCB,4 wickets,Bengaluru,May-24,2016,981013
KKR,Sunrisers,Sunrisers,22 runs,Delhi,May-25,2016,981015
Guj Lions,Sunrisers,Sunrisers,4 wickets,Delhi,May-27,2016,981017
RCB,Sunrisers,Sunrisers,8 runs,Bengaluru,May-29,2016,981019
Sunrisers,RCB,Sunrisers,35 runs,Hyderabad,Apr-05,2017,1082591
Supergiant,Mumbai,Supergiant,7 wickets,Pune,Apr-06,2017,1082592
Guj Lions,KKR,KKR,10 wickets,Rajkot,Apr-07,2017,1082593
Kings XI,Supergiant,Kings XI,6 wickets,Indore,Apr-08,2017,1082594
RCB,Daredevils,RCB,15 runs,Bengaluru,Apr-08,2017,1082595
Sunrisers,Guj Lions,Sunrisers,9 wickets,Hyderabad,Apr-09,2017,1082596
Mumbai,KKR,Mumbai,4 wickets,Wankhede,Apr-09,2017,1082597
Kings XI,RCB,Kings XI,8 wickets,Indore,Apr-10,2017,1082598
Supergiant,Daredevils,Daredevils,97 runs,Pune,Apr-11,2017,1082599
Mumbai,Sunrisers,Mumbai,4 wickets,Wankhede,Apr-12,2017,1082600
KKR,Kings XI,KKR,8 wickets,Eden Gardens,Apr-13,2017,1082601
RCB,Mumbai,Mumbai,4 wickets,Bengaluru,Apr-14,2017,1082602
Guj Lions,Supergiant,Guj Lions,7 wickets,Rajkot,Apr-14,2017,1082603
KKR,Sunrisers,KKR,17 runs,Eden Gardens,Apr-15,2017,1082604
Daredevils,Kings XI,Daredevils,51 runs,Delhi,Apr-15,2017,1082605
Mumbai,Guj Lions,Mumbai,6 wickets,Wankhede,Apr-16,2017,1082606
RCB,Supergiant,Supergiant,27 runs,Bengaluru,Apr-16,2017,1082607
Daredevils,KKR,KKR,4 wickets,Delhi,Apr-17,2017,1082608
Sunrisers,Kings XI,Sunrisers,5 runs,Hyderabad,Apr-17,2017,1082609
Guj Lions,RCB,RCB,21 runs,Rajkot,Apr-18,2017,1082610
Sunrisers,Daredevils,Sunrisers,15 runs,Hyderabad,Apr-19,2017,1082611
Kings XI,Mumbai,Mumbai,8 wickets,Indore,Apr-20,2017,1082612
KKR,Guj Lions,Guj Lions,4 wickets,Eden Gardens,Apr-21,2017,1082613
Supergiant,Sunrisers,Supergiant,6 wickets,Pune,Apr-22,2017,1082615
Mumbai,Daredevils,Mumbai,14 runs,Wankhede,Apr-22,2017,1082614
Guj Lions,Kings XI,Kings XI,26 runs,Rajkot,Apr-23,2017,1082616
KKR,RCB,KKR,82 runs,Eden Gardens,Apr-23,2017,1082617
Mumbai,Supergiant,Supergiant,3 runs,Wankhede,Apr-24,2017,1082618
Supergiant,KKR,KKR,7 wickets,Pune,Apr-26,2017,1082620
RCB,Guj Lions,Guj Lions,7 wickets,Bengaluru,Apr-27,2017,1082621
KKR,Daredevils,KKR,7 wickets,Eden Gardens,Apr-28,2017,1082622
Kings XI,Sunrisers,Sunrisers,26 runs,Mohali,Apr-28,2017,1082623
Supergiant,RCB,Supergiant,61 runs,Pune,Apr-29,2017,1082624
Guj Lions,Mumbai,tied,-,Rajkot,Apr-29,2017,1082625
Kings XI,Daredevils,Kings XI,10 wickets,Mohali,Apr-30,2017,1082626
Sunrisers,KKR,Sunrisers,48 runs,Hyderabad,Apr-30,2017,1082627
Mumbai,RCB,Mumbai,5 wickets,Wankhede,May-01,2017,1082628
Supergiant,Guj Lions,Supergiant,5 wickets,Pune,May-01,2017,1082629
Daredevils,Sunrisers,Daredevils,6 wickets,Delhi,May-02,2017,1082630
KKR,Supergiant,Supergiant,4 wickets,Eden Gardens,May-03,2017,1082631
Daredevils,Guj Lions,Daredevils,7 wickets,Delhi,May-04,2017,1082632
RCB,Kings XI,Kings XI,19 runs,Bengaluru,May-05,2017,1082633
Sunrisers,Supergiant,Supergiant,12 runs,Hyderabad,May-06,2017,1082634
Daredevils,Mumbai,Mumbai,146 runs,Delhi,May-06,2017,1082635
RCB,KKR,KKR,6 wickets,Bengaluru,May-07,2017,1082636
Kings XI,Guj Lions,Guj Lions,6 wickets,Mohali,May-07,2017,1082637
Sunrisers,Mumbai,Sunrisers,7 wickets,Hyderabad,May-08,2017,1082638
Kings XI,KKR,Kings XI,14 runs,Mohali,May-09,2017,1082639
Guj Lions,Daredevils,Daredevils,2 wickets,Kanpur,May-10,2017,1082640
Mumbai,Kings XI,Kings XI,7 runs,Wankhede,May-11,2017,1082641
Daredevils,Supergiant,Daredevils,7 runs,Delhi,May-12,2017,1082642
Guj Lions,Sunrisers,Sunrisers,8 wickets,Kanpur,May-13,2017,1082643
KKR,Mumbai,Mumbai,9 runs,Eden Gardens,May-13,2017,1082644
Supergiant,Kings XI,Supergiant,9 wickets,Pune,May-14,2017,1082645
Daredevils,RCB,RCB,10 runs,Delhi,May-14,2017,1082646
Mumbai,Supergiant,Supergiant,20 runs,Wankhede,May-16,2017,1082647
KKR,Sunrisers,KKR,7 wickets,Bengaluru,May-17,2017,1082648
KKR,Mumbai,Mumbai,6 wickets,Bengaluru,May-19,2017,1082649
Mumbai,Supergiant,Mumbai,1 run,Hyderabad,May-21,2017,1082650
Mumbai,Super Kings,Super Kings,1 wicket,Wankhede,Apr-07,2018,1136561
Kings XI,Daredevils,Kings XI,6 wickets,Mohali,Apr-08,2018,1136562
KKR,RCB,KKR,4 wickets,Eden Gardens,Apr-08,2018,1136563
Sunrisers,Royals,Sunrisers,9 wickets,Hyderabad,Apr-09,2018,1136564
Super Kings,KKR,Super Kings,5 wickets,Chennai,Apr-10,2018,1136565
Royals,Daredevils,Royals,10 runs,Jaipur,Apr-11,2018,1136566
Sunrisers,Mumbai,Sunrisers,1 wicket,Hyderabad,Apr-12,2018,1136567
RCB,Kings XI,RCB,4 wickets,Bengaluru,Apr-13,2018,1136568
Mumbai,Daredevils,Daredevils,7 wickets,Wankhede,Apr-14,2018,1136569
KKR,Sunrisers,Sunrisers,5 wickets,Eden Gardens,Apr-14,2018,1136570
RCB,Royals,Royals,19 runs,Bengaluru,Apr-15,2018,1136571
Kings XI,Super Kings,Kings XI,4 runs,Mohali,Apr-15,2018,1136572
KKR,Daredevils,KKR,71 runs,Eden Gardens,Apr-16,2018,1136573
Mumbai,RCB,Mumbai,46 runs,Wankhede,Apr-17,2018,1136574
Royals,KKR,KKR,7 wickets,Jaipur,Apr-18,2018,1136575
Kings XI,Sunrisers,Kings XI,15 runs,Mohali,Apr-19,2018,1136576
Super Kings,Royals,Super Kings,64 runs,Pune,Apr-20,2018,1136577
KKR,Kings XI,Kings XI,9 wickets,Eden Gardens,Apr-21,2018,1136578
RCB,Daredevils,RCB,6 wickets,Bengaluru,Apr-21,2018,1136579
Sunrisers,Super Kings,Super Kings,4 runs,Hyderabad,Apr-22,2018,1136580
Royals,Mumbai,Royals,3 wickets,Jaipur,Apr-22,2018,1136581
Daredevils,Kings XI,Kings XI,4 runs,Delhi,Apr-23,2018,1136582
Mumbai,Sunrisers,Sunrisers,31 runs,Wankhede,Apr-24,2018,1136583
RCB,Super Kings,Super Kings,5 wickets,Bengaluru,Apr-25,2018,1136584
Sunrisers,Kings XI,Sunrisers,13 runs,Hyderabad,Apr-26,2018,1136585
Daredevils,KKR,Daredevils,55 runs,Delhi,Apr-27,2018,1136586
Super Kings,Mumbai,Mumbai,8 wickets,Pune,Apr-28,2018,1136587
Royals,Sunrisers,Sunrisers,11 runs,Jaipur,Apr-29,2018,1136588
RCB,KKR,KKR,6 wickets,Bengaluru,Apr-29,2018,1136589
Super Kings,Daredevils,Super Kings,13 runs,Pune,Apr-30,2018,1136590
RCB,Mumbai,RCB,14 runs,Bengaluru,May-01,2018,1136591
Daredevils,Royals,Daredevils,4 runs,Delhi,May-02,2018,1136592
KKR,Super Kings,KKR,6 wickets,Eden Gardens,May-03,2018,1136593
Kings XI,Mumbai,Mumbai,6 wickets,Indore,May-04,2018,1136594
Super Kings,RCB,Super Kings,6 wickets,Pune,May-05,2018,1136595
Sunrisers,Daredevils,Sunrisers,7 wickets,Hyderabad,May-05,2018,1136596
Mumbai,KKR,Mumbai,13 runs,Wankhede,May-06,2018,1136597
Kings XI,Royals,Kings XI,6 wickets,Indore,May-06,2018,1136598
Sunrisers,RCB,Sunrisers,5 runs,Hyderabad,May-07,2018,1136599
Royals,Kings XI,Royals,15 runs,Jaipur,May-08,2018,1136600
KKR,Mumbai,Mumbai,102 runs,Eden Gardens,May-09,2018,1136601
Daredevils,Sunrisers,Sunrisers,9 wickets,Delhi,May-10,2018,1136602
Royals,Super Kings,Royals,4 wickets,Jaipur,May-11,2018,1136603
Kings XI,KKR,KKR,31 runs,Indore,May-12,2018,1136604
Daredevils,RCB,RCB,5 wickets,Delhi,May-12,2018,1136605
Super Kings,Sunrisers,Super Kings,8 wickets,Pune,May-13,2018,1136606
Mumbai,Royals,Royals,7 wickets,Wankhede,May-13,2018,1136607
Kings XI,RCB,RCB,10 wickets,Indore,May-14,2018,1136608
KKR,Royals,KKR,6 wickets,Eden Gardens,May-15,2018,1136609
Mumbai,Kings XI,Mumbai,3 runs,Wankhede,May-16,2018,1136610
RCB,Sunrisers,RCB,14 runs,Bengaluru,May-17,2018,1136611
Daredevils,Super Kings,Daredevils,34 runs,Delhi,May-18,2018,1136612
Royals,RCB,Royals,30 runs,Jaipur,May-19,2018,1136613
Sunrisers,KKR,KKR,5 wickets,Hyderabad,May-19,2018,1136614
Daredevils,Mumbai,Daredevils,11 runs,Delhi,May-20,2018,1136615
Super Kings,Kings XI,Super Kings,5 wickets,Pune,May-20,2018,1136616
Super Kings,Sunrisers,Super Kings,2 wickets,Wankhede,May-22,2018,1136617
KKR,Royals,KKR,25 runs,Eden Gardens,May-23,2018,1136618
KKR,Sunrisers,Sunrisers,14 runs,Eden Gardens,May-25,2018,1136619
Super Kings,Sunrisers,Super Kings,8 wickets,Wankhede,May-27,2018,1136620
Super Kings,RCB,Super Kings,7 wickets,Chennai,Mar-23,2019,1175356
KKR,Sunrisers,KKR,6 wickets,Eden Gardens,Mar-24,2019,1175357
Mumbai,Capitals,Capitals,37 runs,Wankhede,Mar-24,2019,1175358
Royals,Kings XI,Kings XI,14 runs,Jaipur,Mar-25,2019,1175359
Capitals,Super Kings,Super Kings,6 wickets,Delhi,Mar-26,2019,1175360
KKR,Kings XI,KKR,28 runs,Eden Gardens,Mar-27,2019,1175361
RCB,Mumbai,Mumbai,6 runs,Bengaluru,Mar-28,2019,1175362
Sunrisers,Royals,Sunrisers,5 wickets,Hyderabad,Mar-29,2019,1175363
Kings XI,Mumbai,Kings XI,8 wickets,Mohali,Mar-30,2019,1175364
Capitals,KKR,tied,-,Delhi,Mar-30,2019,1175365
Sunrisers,RCB,Sunrisers,118 runs,Hyderabad,Mar-31,2019,1175366
Super Kings,Royals,Super Kings,8 runs,Chennai,Mar-31,2019,1175367
Kings XI,Capitals,Kings XI,14 runs,Mohali,Apr-01,2019,1175368
Royals,RCB,Royals,7 wickets,Jaipur,Apr-02,2019,1175369
Mumbai,Super Kings,Mumbai,37 runs,Wankhede,Apr-03,2019,1175370
Capitals,Sunrisers,Sunrisers,5 wickets,Delhi,Apr-04,2019,1175371
RCB,KKR,KKR,5 wickets,Bengaluru,Apr-05,2019,1175372
Super Kings,Kings XI,Super Kings,22 runs,Chennai,Apr-06,2019,1178393
Sunrisers,Mumbai,Mumbai,40 runs,Hyderabad,Apr-06,2019,1178394
RCB,Capitals,Capitals,4 wickets,Bengaluru,Apr-07,2019,1178395
Royals,KKR,KKR,8 wickets,Jaipur,Apr-07,2019,1178396
Kings XI,Sunrisers,Kings XI,6 wickets,Mohali,Apr-08,2019,1178397
Super Kings,KKR,Super Kings,7 wickets,Chennai,Apr-09,2019,1178398
Mumbai,Kings XI,Mumbai,3 wickets,Wankhede,Apr-10,2019,1178399
Royals,Super Kings,Super Kings,4 wickets,Jaipur,Apr-11,2019,1178400
KKR,Capitals,Capitals,7 wickets,Eden Gardens,Apr-12,2019,1178401
Mumbai,Royals,Royals,4 wickets,Wankhede,Apr-13,2019,1178402
Kings XI,RCB,RCB,8 wickets,Mohali,Apr-13,2019,1178403
KKR,Super Kings,Super Kings,5 wickets,Eden Gardens,Apr-14,2019,1178404
Sunrisers,Capitals,Capitals,39 runs,Hyderabad,Apr-14,2019,1178405
Mumbai,RCB,Mumbai,5 wickets,Wankhede,Apr-15,2019,1178406
Kings XI,Royals,Kings XI,12 runs,Mohali,Apr-16,2019,1178407
Sunrisers,Super Kings,Sunrisers,6 wickets,Hyderabad,Apr-17,2019,1178408
Capitals,Mumbai,Mumbai,40 runs,Delhi,Apr-18,2019,1178409
KKR,RCB,RCB,10 runs,Eden Gardens,Apr-19,2019,1178410
Royals,Mumbai,Royals,5 wickets,Jaipur,Apr-20,2019,1178411
Capitals,Kings XI,Capitals,5 wickets,Delhi,Apr-20,2019,1178412
Sunrisers,KKR,Sunrisers,9 wickets,Hyderabad,Apr-21,2019,1178413
RCB,Super Kings,RCB,1 run,Bengaluru,Apr-21,2019,1178414
Royals,Capitals,Capitals,6 wickets,Jaipur,Apr-22,2019,1178415
Super Kings,Sunrisers,Super Kings,6 wickets,Chennai,Apr-23,2019,1178416
RCB,Kings XI,RCB,17 runs,Bengaluru,Apr-24,2019,1178417
KKR,Royals,Royals,3 wickets,Eden Gardens,Apr-25,2019,1178418
Super Kings,Mumbai,Mumbai,46 runs,Chennai,Apr-26,2019,1178419
Royals,Sunrisers,Royals,7 wickets,Jaipur,Apr-27,2019,1178420
Capitals,RCB,Capitals,16 runs,Delhi,Apr-28,2019,1178421
KKR,Mumbai,KKR,34 runs,Eden Gardens,Apr-28,2019,1178422
Sunrisers,Kings XI,Sunrisers,45 runs,Hyderabad,Apr-29,2019,1178423
RCB,Royals,no result,-,Bengaluru,Apr-30,2019,1178424
Super Kings,Capitals,Super Kings,80 runs,Chennai,May-01,2019,1178425
Mumbai,Sunrisers,tied,-,Wankhede,May-02,2019,1178426
Kings XI,KKR,KKR,7 wickets,Mohali,May-03,2019,1178427
Capitals,Royals,Capitals,5 wickets,Delhi,May-04,2019,1178428
RCB,Sunrisers,RCB,4 wickets,Bengaluru,May-04,2019,1178429
Kings XI,Super Kings,Kings XI,6 wickets,Mohali,May-05,2019,1178430
Mumbai,KKR,Mumbai,9 wickets,Wankhede,May-05,2019,1178431
Super Kings,Mumbai,Mumbai,6 wickets,Chennai,May-07,2019,1181764
Sunrisers,Capitals,Capitals,2 wickets,Visakhapatnam,May-08,2019,1181766
Super Kings,Capitals,Super Kings,6 wickets,Visakhapatnam,May-10,2019,1181767
Super Kings,Mumbai,Mumbai,1 run,Hyderabad,May-12,2019,1181768
Mumbai,Super Kings,Super Kings,5 wickets,Abu Dhabi,Sep-19,2020,1216492
Capitals,Kings XI,tied,-,Dubai (DSC),Sep-20,2020,1216493
Sunrisers,RCB,RCB,10 runs,Dubai (DSC),Sep-21,2020,1216534
Royals,Super Kings,Royals,16 runs,Sharjah,Sep-22,2020,1216496
KKR,Mumbai,Mumbai,49 runs,Abu Dhabi,Sep-23,2020,1216508
Kings XI,RCB,Kings XI,97 runs,Dubai (DSC),Sep-24,2020,1216510
Super Kings,Capitals,Capitals,44 runs,Dubai (DSC),Sep-25,2020,1216539
KKR,Sunrisers,KKR,7 wickets,Abu Dhabi,Sep-26,2020,1216545
Royals,Kings XI,Royals,4 wickets,Sharjah,Sep-27,2020,1216527
RCB,Mumbai,tied,-,Dubai (DSC),Sep-28,2020,1216547
Capitals,Sunrisers,Sunrisers,15 runs,Abu Dhabi,Sep-29,2020,1216532
Royals,KKR,KKR,37 runs,Dubai (DSC),Sep-30,2020,1216504
Kings XI,Mumbai,Mumbai,48 runs,Abu Dhabi,Oct-01,2020,1216503
Super Kings,Sunrisers,Sunrisers,7 runs,Dubai (DSC),Oct-02,2020,1216516
RCB,Royals,RCB,8 wickets,Abu Dhabi,Oct-03,2020,1216514
Capitals,KKR,Capitals,18 runs,Sharjah,Oct-03,2020,1216515
Mumbai,Sunrisers,Mumbai,34 runs,Sharjah,Oct-04,2020,1216538
Kings XI,Super Kings,Super Kings,10 wickets,Dubai (DSC),Oct-04,2020,1216513
RCB,Capitals,Capitals,59 runs,Dubai (DSC),Oct-05,2020,1216519
Mumbai,Royals,Mumbai,57 runs,Abu Dhabi,Oct-06,2020,1216511
KKR,Super Kings,KKR,10 runs,Abu Dhabi,Oct-07,2020,1216501
Sunrisers,Kings XI,Sunrisers,69 runs,Dubai (DSC),Oct-08,2020,1216542
Royals,Capitals,Capitals,46 runs,Sharjah,Oct-09,2020,1216500
Kings XI,KKR,KKR,2 runs,Abu Dhabi,Oct-10,2020,1216523
Super Kings,RCB,RCB,37 runs,Dubai (DSC),Oct-10,2020,1216525
Sunrisers,Royals,Royals,5 wickets,Dubai (DSC),Oct-11,2020,1216507
Mumbai,Capitals,Mumbai,5 wickets,Abu Dhabi,Oct-11,2020,1216529
RCB,KKR,RCB,82 runs,Sharjah,Oct-12,2020,1216540
Sunrisers,Super Kings,Super Kings,20 runs,Dubai (DSC),Oct-13,2020,1216528
Capitals,Royals,Capitals,13 runs,Dubai (DSC),Oct-14,2020,1216543
RCB,Kings XI,Kings XI,8 wickets,Sharjah,Oct-15,2020,1216531
Mumbai,KKR,Mumbai,8 wickets,Abu Dhabi,Oct-16,2020,1216526
Royals,RCB,RCB,7 wickets,Dubai (DSC),Oct-17,2020,1216522
Capitals,Super Kings,Capitals,5 wickets,Sharjah,Oct-17,2020,1216509
Sunrisers,KKR,tied,-,Abu Dhabi,Oct-18,2020,1216512
Mumbai,Kings XI,tied,-,Dubai (DSC),Oct-18,2020,1216517
Super Kings,Royals,Royals,7 wickets,Abu Dhabi,Oct-19,2020,1216533
Kings XI,Capitals,Kings XI,5 wickets,Dubai (DSC),Oct-20,2020,1216546
KKR,RCB,RCB,8 wickets,Abu Dhabi,Oct-21,2020,1216494
Royals,Sunrisers,Sunrisers,8 wickets,Dubai (DSC),Oct-22,2020,1216518
Super Kings,Mumbai,Mumbai,10 wickets,Sharjah,Oct-23,2020,1216521
KKR,Capitals,KKR,59 runs,Abu Dhabi,Oct-24,2020,1216497
Kings XI,Sunrisers,Kings XI,12 runs,Dubai (DSC),Oct-24,2020,1216498
RCB,Super Kings,Super Kings,8 wickets,Dubai (DSC),Oct-25,2020,1216544
Royals,Mumbai,Royals,8 wickets,Abu Dhabi,Oct-25,2020,1216541
KKR,Kings XI,Kings XI,8 wickets,Sharjah,Oct-26,2020,1216520
Sunrisers,Capitals,Sunrisers,88 runs,Dubai (DSC),Oct-27,2020,1216524
Mumbai,RCB,Mumbai,5 wickets,Abu Dhabi,Oct-28,2020,1216499
Super Kings,KKR,Super Kings,6 wickets,Dubai (DSC),Oct-29,2020,1216536
Kings XI,Royals,Royals,7 wickets,Abu Dhabi,Oct-30,2020,1216537
Capitals,Mumbai,Mumbai,9 wickets,Dubai (DSC),Oct-31,2020,1216535
RCB,Sunrisers,Sunrisers,5 wickets,Sharjah,Oct-31,2020,1216502
Super Kings,Kings XI,Super Kings,9 wickets,Abu Dhabi,Nov-01,2020,1216506
KKR,Royals,KKR,60 runs,Dubai (DSC),Nov-01,2020,1216530
Capitals,RCB,Capitals,6 wickets,Abu Dhabi,Nov-02,2020,1216505
Sunrisers,Mumbai,Sunrisers,10 wickets,Sharjah,Nov-03,2020,1216495
Capitals,Mumbai,Mumbai,57 runs,Dubai (DSC),Nov-05,2020,1237177
RCB,Sunrisers,Sunrisers,6 wickets,Abu Dhabi,Nov-06,2020,1237178
Capitals,Sunrisers,Capitals,17 runs,Abu Dhabi,Nov-08,2020,1237180
Capitals,Mumbai,Mumbai,5 wickets,Dubai (DSC),Nov-10,2020,1237181
Mumbai,RCB,RCB,2 wickets,Chennai,Apr-09,2021,1254058
Super Kings,Capitals,Capitals,7 wickets,Wankhede,Apr-10,2021,1254059
Sunrisers,KKR,KKR,10 runs,Chennai,Apr-11,2021,1254060
Royals,Punjab Kings,Punjab Kings,4 runs,Wankhede,Apr-12,2021,1254061
KKR,Mumbai,Mumbai,10 runs,Chennai,Apr-13,2021,1254062
Sunrisers,RCB,RCB,6 runs,Chennai,Apr-14,2021,1254063
Royals,Capitals,Royals,3 wickets,Wankhede,Apr-15,2021,1254064
Punjab Kings,Super Kings,Super Kings,6 wickets,Wankhede,Apr-16,2021,1254065
Mumbai,Sunrisers,Mumbai,13 runs,Chennai,Apr-17,2021,1254066
RCB,KKR,RCB,38 runs,Chennai,Apr-18,2021,1254067
Capitals,Punjab Kings,Capitals,6 wickets,Wankhede,Apr-18,2021,1254068
Super Kings,Royals,Super Kings,45 runs,Wankhede,Apr-19,2021,1254069
Capitals,Mumbai,Capitals,6 wickets,Chennai,Apr-20,2021,1254070
Punjab Kings,Sunrisers,Sunrisers,9 wickets,Chennai,Apr-21,2021,1254071
KKR,Super Kings,Super Kings,18 runs,Wankhede,Apr-21,2021,1254072
RCB,Royals,RCB,10 wickets,Wankhede,Apr-22,2021,1254073
Punjab Kings,Mumbai,Punjab Kings,9 wickets,Chennai,Apr-23,2021,1254074
Royals,KKR,Royals,6 wickets,Wankhede,Apr-24,2021,1254075
Super Kings,RCB,Super Kings,69 runs,Wankhede,Apr-25,2021,1254076
Sunrisers,Capitals,tied,-,Chennai,Apr-25,2021,1254077
Punjab Kings,KKR,KKR,5 wickets,Ahmedabad,Apr-26,2021,1254078
Capitals,RCB,RCB,1 run,Ahmedabad,Apr-27,2021,1254079
Super Kings,Sunrisers,Super Kings,7 wickets,Delhi,Apr-28,2021,1254080
Mumbai,Royals,Mumbai,7 wickets,Delhi,Apr-29,2021,1254081
Capitals,KKR,Capitals,7 wickets,Ahmedabad,Apr-29,2021,1254082
Punjab Kings,RCB,Punjab Kings,34 runs,Ahmedabad,Apr-30,2021,1254083
Mumbai,Super Kings,Mumbai,4 wickets,Delhi,May-01,2021,1254084
Royals,Sunrisers,Royals,55 runs,Delhi,May-02,2021,1254085
Punjab Kings,Capitals,Capitals,7 wickets,Ahmedabad,May-02,2021,1254086
Super Kings,Mumbai,Super Kings,20 runs,Dubai (DSC),Sep-19,2021,1254104
KKR,RCB,KKR,9 wickets,Abu Dhabi,Sep-20,2021,1254087
Punjab Kings,Royals,Royals,2 runs,Dubai (DSC),Sep-21,2021,1254111
Capitals,Sunrisers,Capitals,8 wickets,Dubai (DSC),Sep-22,2021,1254105
Mumbai,KKR,KKR,7 wickets,Abu Dhabi,Sep-23,2021,1254096
RCB,Super Kings,Super Kings,6 wickets,Sharjah,Sep-24,2021,1254113
Capitals,Royals,Capitals,33 runs,Abu Dhabi,Sep-25,2021,1254097
Sunrisers,Punjab Kings,Punjab Kings,5 runs,Sharjah,Sep-25,2021,1254107
Super Kings,KKR,Super Kings,2 wickets,Abu Dhabi,Sep-26,2021,1254098
RCB,Mumbai,RCB,54 runs,Dubai (DSC),Sep-26,2021,1254108
Sunrisers,Royals,Sunrisers,7 wickets,Dubai (DSC),Sep-27,2021,1254100
KKR,Capitals,KKR,3 wickets,Sharjah,Sep-28,2021,1254092
Mumbai,Punjab Kings,Mumbai,6 wickets,Abu Dhabi,Sep-28,2021,1254099
Royals,RCB,RCB,7 wickets,Dubai (DSC),Sep-29,2021,1254103
Sunrisers,Super Kings,Super Kings,6 wickets,Sharjah,Sep-30,2021,1254091
KKR,Punjab Kings,Punjab Kings,5 wickets,Dubai (DSC),Oct-01,2021,1254102
Mumbai,Capitals,Capitals,4 wickets,Sharjah,Oct-02,2021,1254112
Royals,Super Kings,Royals,7 wickets,Abu Dhabi,Oct-02,2021,1254089
RCB,Punjab Kings,RCB,6 runs,Sharjah,Oct-03,2021,1254090
KKR,Sunrisers,KKR,6 wickets,Dubai (DSC),Oct-03,2021,1254109
Capitals,Super Kings,Capitals,3 wickets,Dubai (DSC),Oct-04,2021,1254110
Royals,Mumbai,Mumbai,8 wickets,Sharjah,Oct-05,2021,1254093
RCB,Sunrisers,Sunrisers,4 runs,Abu Dhabi,Oct-06,2021,1254095
Super Kings,Punjab Kings,Punjab Kings,6 wickets,Dubai (DSC),Oct-07,2021,1254094
KKR,Royals,KKR,86 runs,Sharjah,Oct-07,2021,1254106
RCB,Capitals,RCB,7 wickets,Dubai (DSC),Oct-08,2021,1254101
Sunrisers,Mumbai,Mumbai,42 runs,Abu Dhabi,Oct-08,2021,1254088
Capitals,Super Kings,Super Kings,4 wickets,Dubai (DSC),Oct-10,2021,1254114
RCB,KKR,KKR,4 wickets,Sharjah,Oct-11,2021,1254115
Capitals,KKR,KKR,3 wickets,Sharjah,Oct-13,2021,1254116
Super Kings,KKR,Super Kings,27 runs,Dubai (DSC),Oct-15,2021,1254117
Super Kings,KKR,KKR,6 wickets,Wankhede,Mar-26,2022,1304047
Capitals,Mumbai,Capitals,4 wickets,Brabourne,Mar-27,2022,1304048
Punjab Kings,RCB,Punjab Kings,5 wickets,DY Patil,Mar-27,2022,1304049
Titans,Super Giants,Titans,5 wickets,Wankhede,Mar-28,2022,1304050
Sunrisers,Royals,Royals,61 runs,Pune,Mar-29,2022,1304051
RCB,KKR,RCB,3 wickets,DY Patil,Mar-30,2022,1304052
Super Giants,Super Kings,Super Giants,6 wickets,Brabourne,Mar-31,2022,1304053
KKR,Punjab Kings,KKR,6 wickets,Wankhede,Apr-01,2022,1304054
Mumbai,Royals,Royals,23 runs,DY Patil,Apr-02,2022,1304055
Titans,Capitals,Titans,14 runs,Pune,Apr-02,2022,1304056
Super Kings,Punjab Kings,Punjab Kings,54 runs,Brabourne,Apr-03,2022,1304057
Sunrisers,Super Giants,Super Giants,12 runs,DY Patil,Apr-04,2022,1304058
Royals,RCB,RCB,4 wickets,Wankhede,Apr-05,2022,1304059
KKR,Mumbai,KKR,5 wickets,Pune,Apr-06,2022,1304060
Super Giants,Capitals,Super Giants,6 wickets,DY Patil,Apr-07,2022,1304061
Punjab Kings,Titans,Titans,6 wickets,Brabourne,Apr-08,2022,1304062
Super Kings,Sunrisers,Sunrisers,8 wickets,DY Patil,Apr-09,2022,1304063
RCB,Mumbai,RCB,7 wickets,Pune,Apr-09,2022,1304064
KKR,Capitals,Capitals,44 runs,Brabourne,Apr-10,2022,1304065
Royals,Super Giants,Royals,3 runs,Wankhede,Apr-10,2022,1304066
Sunrisers,Titans,Sunrisers,8 wickets,DY Patil,Apr-11,2022,1304067
Super Kings,RCB,Super Kings,23 runs,DY Patil,Apr-12,2022,1304068
Mumbai,Punjab Kings,Punjab Kings,12 runs,Pune,Apr-13,2022,1304069
Royals,Titans,Titans,37 runs,DY Patil,Apr-14,2022,1304070
Sunrisers,KKR,Sunrisers,7 wickets,Brabourne,Apr-15,2022,1304071
Mumbai,Super Giants,Super Giants,18 runs,Brabourne,Apr-16,2022,1304072
Capitals,RCB,RCB,16 runs,Wankhede,Apr-16,2022,1304073
Punjab Kings,Sunrisers,Sunrisers,7 wickets,DY Patil,Apr-17,2022,1304074
Titans,Super Kings,Titans,3 wickets,Pune,Apr-17,2022,1304075
Royals,KKR,Royals,7 runs,Brabourne,Apr-18,2022,1304076
Super Giants,RCB,RCB,18 runs,DY Patil,Apr-19,2022,1304077
Capitals,Punjab Kings,Capitals,9 wickets,Brabourne,Apr-20,2022,1304078
Mumbai,Super Kings,Super Kings,3 wickets,DY Patil,Apr-21,2022,1304079
Capitals,Royals,Royals,15 runs,Wankhede,Apr-22,2022,1304080
KKR,Titans,Titans,8 runs,DY Patil,Apr-23,2022,1304081
RCB,Sunrisers,Sunrisers,9 wickets,Brabourne,Apr-23,2022,1304082
Super Giants,Mumbai,Super Giants,36 runs,Wankhede,Apr-24,2022,1304083
Punjab Kings,Super Kings,Punjab Kings,11 runs,Wankhede,Apr-25,2022,1304084
RCB,Royals,Royals,29 runs,Pune,Apr-26,2022,1304085
Titans,Sunrisers,Titans,5 wickets,Wankhede,Apr-27,2022,1304086
Capitals,KKR,Capitals,4 wickets,Wankhede,Apr-28,2022,1304087
Punjab Kings,Super Giants,Super Giants,20 runs,Pune,Apr-29,2022,1304088
Titans,RCB,Titans,6 wickets,Brabourne,Apr-30,2022,1304089
Royals,Mumbai,Mumbai,5 wickets,DY Patil,Apr-30,2022,1304090
Capitals,Super Giants,Super Giants,6 runs,Wankhede,May-01,2022,1304091
Sunrisers,Super Kings,Super Kings,13 runs,Pune,May-01,2022,1304092
KKR,Royals,KKR,7 wickets,Wankhede,May-02,2022,1304093
Titans,Punjab Kings,Punjab Kings,8 wickets,DY Patil,May-03,2022,1304094
RCB,Super Kings,RCB,13 runs,Pune,May-04,2022,1304095
Capitals,Sunrisers,Capitals,21 runs,Brabourne,May-05,2022,1304096
Titans,Mumbai,Mumbai,5 runs,Brabourne,May-06,2022,1304097
Punjab Kings,Royals,Royals,6 wickets,Wankhede,May-07,2022,1304098
Super Giants,KKR,Super Giants,75 runs,Pune,May-07,2022,1304099
Sunrisers,RCB,RCB,67 runs,Wankhede,May-08,2022,1304100
Super Kings,Capitals,Super Kings,91 runs,DY Patil,May-08,2022,1304101
Mumbai,KKR,KKR,52 runs,DY Patil,May-09,2022,1304102
Super Giants,Titans,Titans,62 runs,Pune,May-10,2022,1304103
Royals,Capitals,Capitals,8 wickets,DY Patil,May-11,2022,1304104
Super Kings,Mumbai,Mumbai,5 wickets,Wankhede,May-12,2022,1304105
RCB,Punjab Kings,Punjab Kings,54 runs,Brabourne,May-13,2022,1304106
KKR,Sunrisers,KKR,54 runs,Pune,May-14,2022,1304107
Super Kings,Titans,Titans,7 wickets,Wankhede,May-15,2022,1304108
Super Giants,Royals,Royals,24 runs,Brabourne,May-15,2022,1304109
Punjab Kings,Capitals,Capitals,17 runs,DY Patil,May-16,2022,1304110
Mumbai,Sunrisers,Sunrisers,3 runs,Wankhede,May-17,2022,1304111
KKR,Super Giants,Super Giants,2 runs,DY Patil,May-18,2022,1304112
RCB,Titans,RCB,8 wickets,Wankhede,May-19,2022,1304113
Royals,Super Kings,Royals,5 wickets,Brabourne,May-20,2022,1304114
Mumbai,Capitals,Mumbai,5 wickets,Wankhede,May-21,2022,1304115
Sunrisers,Punjab Kings,Punjab Kings,5 wickets,Wankhede,May-22,2022,1304116
Titans,Royals,Titans,7 wickets,Eden Gardens,May-24,2022,1312197
Super Giants,RCB,RCB,14 runs,Eden Gardens,May-25,2022,1312198
Royals,RCB,Royals,7 wickets,Ahmedabad,May-27,2022,1312199
Titans,Royals,Titans,7 wickets,Ahmedabad,May-29,2022,1312200
Titans,Super Kings,Titans,5 wickets,Ahmedabad,Mar-31,2023,1359475
Punjab Kings,KKR,Punjab Kings,7 runs,Mohali,Apr-01,2023,1359476
Super Giants,Capitals,Super Giants,50 runs,Lucknow,Apr-01,2023,1359477
Sunrisers,Royals,Royals,72 runs,Hyderabad,Apr-02,2023,1359478
RCB,Mumbai,RCB,8 wickets,Bengaluru,Apr-02,2023,1359479
Super Kings,Super Giants,Super Kings,12 runs,Chennai,Apr-03,2023,1359480
Capitals,Titans,Titans,6 wickets,Delhi,Apr-04,2023,1359481
Royals,Punjab Kings,Punjab Kings,5 runs,Guwahati,Apr-05,2023,1359482
KKR,RCB,KKR,81 runs,Eden Gardens,Apr-06,2023,1359483
Super Giants,Sunrisers,Super Giants,5 wickets,Lucknow,Apr-07,2023,1359484
Royals,Capitals,Royals,57 runs,Guwahati,Apr-08,2023,1359485
Mumbai,Super Kings,Super Kings,7 wickets,Wankhede,Apr-08,2023,1359486
Titans,KKR,KKR,3 wickets,Ahmedabad,Apr-09,2023,1359487
Sunrisers,Punjab Kings,Sunrisers,8 wickets,Hyderabad,Apr-09,2023,1359488
RCB,Super Giants,Super Giants,1 wicket,Bengaluru,Apr-10,2023,1359489
Capitals,Mumbai,Mumbai,6 wickets,Delhi,Apr-11,2023,1359490
Super Kings,Royals,Royals,3 runs,Chennai,Apr-12,2023,1359491
Punjab Kings,Titans,Titans,6 wickets,Mohali,Apr-13,2023,1359492
KKR,Sunrisers,Sunrisers,23 runs,Eden Gardens,Apr-14,2023,1359493
RCB,Capitals,RCB,23 runs,Bengaluru,Apr-15,2023,1359494
Super Giants,Punjab Kings,Punjab Kings,2 wickets,Lucknow,Apr-15,2023,1359495
Mumbai,KKR,Mumbai,5 wickets,Wankhede,Apr-16,2023,1359496
Titans,Royals,Royals,3 wickets,Ahmedabad,Apr-16,2023,1359497
RCB,Super Kings,Super Kings,8 runs,Bengaluru,Apr-17,2023,1359498
Sunrisers,Mumbai,Mumbai,14 runs,Hyderabad,Apr-18,2023,1359499
Royals,Super Giants,Super Giants,10 runs,Jaipur,Apr-19,2023,1359500
Punjab Kings,RCB,RCB,24 runs,Mohali,Apr-20,2023,1359501
Capitals,KKR,Capitals,4 wickets,Delhi,Apr-20,2023,1359502
Super Kings,Sunrisers,Super Kings,7 wickets,Chennai,Apr-21,2023,1359503
Super Giants,Titans,Titans,7 runs,Lucknow,Apr-22,2023,1359504
Mumbai,Punjab Kings,Punjab Kings,13 runs,Wankhede,Apr-22,2023,1359505
RCB,Royals,RCB,7 runs,Bengaluru,Apr-23,2023,1359506
KKR,Super Kings,Super Kings,49 runs,Eden Gardens,Apr-23,2023,1359507
Sunrisers,Capitals,Capitals,7 runs,Hyderabad,Apr-24,2023,1359508
Titans,Mumbai,Titans,55 runs,Ahmedabad,Apr-25,2023,1359509
RCB,KKR,KKR,21 runs,Bengaluru,Apr-26,2023,1359510
Royals,Super Kings,Royals,32 runs,Jaipur,Apr-27,2023,1359511
Punjab Kings,Super Giants,Super Giants,56 runs,Mohali,Apr-28,2023,1359512
KKR,Titans,Titans,7 wickets,Eden Gardens,Apr-29,2023,1359513
Capitals,Sunrisers,Sunrisers,9 runs,Delhi,Apr-29,2023,1359514
Super Kings,Punjab Kings,Punjab Kings,4 wickets,Chennai,Apr-30,2023,1359515
Mumbai,Royals,Mumbai,6 wickets,Wankhede,Apr-30,2023,1359516
Super Giants,RCB,RCB,18 runs,Lucknow,May-01,2023,1359517
Titans,Capitals,Capitals,5 runs,Ahmedabad,May-02,2023,1359518
Super Giants,Super Kings,no result,-,Lucknow,May-03,2023,1359519
Punjab Kings,Mumbai,Mumbai,6 wickets,Mohali,May-03,2023,1359520
Sunrisers,KKR,KKR,5 runs,Hyderabad,May-04,2023,1359521
Royals,Titans,Titans,9 wickets,Jaipur,May-05,2023,1359522
Super Kings,Mumbai,Super Kings,6 wickets,Chennai,May-06,2023,1359523
